Sample	SNP	INDEL
Breast-AdenoCa_sim100	5325	265
Breast-AdenoCa_sim10	5177	657
Breast-AdenoCa_sim11	4550	643
Breast-AdenoCa_sim12	2716	561
Breast-AdenoCa_sim13	2357	196
Breast-AdenoCa_sim14	5563	386
Breast-AdenoCa_sim15	4404	201
Breast-AdenoCa_sim16	2546	783
Breast-AdenoCa_sim17	7648	1343
Breast-AdenoCa_sim18	8906	360
Breast-AdenoCa_sim19	4200	206
Breast-AdenoCa_sim1	2584	165
Breast-AdenoCa_sim20	4309	191
Breast-AdenoCa_sim21	9091	663
Breast-AdenoCa_sim22	5778	693
Breast-AdenoCa_sim23	7705	597
Breast-AdenoCa_sim24	9778	783
Breast-AdenoCa_sim25	3410	470
Breast-AdenoCa_sim26	5963	661
Breast-AdenoCa_sim27	6266	610
Breast-AdenoCa_sim28	6887	180
Breast-AdenoCa_sim29	7633	947
Breast-AdenoCa_sim2	5032	841
Breast-AdenoCa_sim30	3382	188
Breast-AdenoCa_sim31	7319	395
Breast-AdenoCa_sim32	6333	813
Breast-AdenoCa_sim33	2268	188
Breast-AdenoCa_sim34	2888	185
Breast-AdenoCa_sim35	4606	295
Breast-AdenoCa_sim36	7121	698
Breast-AdenoCa_sim37	2673	150
Breast-AdenoCa_sim38	3639	231
Breast-AdenoCa_sim39	2205	146
Breast-AdenoCa_sim3	2572	142
Breast-AdenoCa_sim40	5500	182
Breast-AdenoCa_sim41	5498	448
Breast-AdenoCa_sim42	2804	187
Breast-AdenoCa_sim43	2911	196
Breast-AdenoCa_sim44	2433	215
Breast-AdenoCa_sim45	6118	536
Breast-AdenoCa_sim46	9218	158
Breast-AdenoCa_sim47	4303	145
Breast-AdenoCa_sim48	10106	450
Breast-AdenoCa_sim49	2691	210
Breast-AdenoCa_sim4	4783	562
Breast-AdenoCa_sim50	11202	496
Breast-AdenoCa_sim51	8488	985
Breast-AdenoCa_sim52	11325	1240
Breast-AdenoCa_sim53	9810	431
Breast-AdenoCa_sim54	11440	694
Breast-AdenoCa_sim55	3309	200
Breast-AdenoCa_sim56	9553	717
Breast-AdenoCa_sim57	3024	163
Breast-AdenoCa_sim58	3243	448
Breast-AdenoCa_sim59	3746	180
Breast-AdenoCa_sim5	5112	133
Breast-AdenoCa_sim60	4974	172
Breast-AdenoCa_sim61	6202	677
Breast-AdenoCa_sim62	2127	167
Breast-AdenoCa_sim63	3092	216
Breast-AdenoCa_sim64	15198	153
Breast-AdenoCa_sim65	5231	134
Breast-AdenoCa_sim66	2428	133
Breast-AdenoCa_sim67	9845	160
Breast-AdenoCa_sim68	3372	166
Breast-AdenoCa_sim69	7734	884
Breast-AdenoCa_sim6	2338	137
Breast-AdenoCa_sim70	5451	427
Breast-AdenoCa_sim71	2018	142
Breast-AdenoCa_sim72	4624	732
Breast-AdenoCa_sim73	7082	182
Breast-AdenoCa_sim74	2748	176
Breast-AdenoCa_sim75	6268	955
Breast-AdenoCa_sim76	8857	918
Breast-AdenoCa_sim77	9124	229
Breast-AdenoCa_sim78	1576	290
Breast-AdenoCa_sim79	3045	204
Breast-AdenoCa_sim7	11045	668
Breast-AdenoCa_sim80	3951	272
Breast-AdenoCa_sim81	2657	194
Breast-AdenoCa_sim82	3543	90
Breast-AdenoCa_sim83	8520	595
Breast-AdenoCa_sim84	3326	328
Breast-AdenoCa_sim85	7167	416
Breast-AdenoCa_sim86	2448	157
Breast-AdenoCa_sim87	3455	184
Breast-AdenoCa_sim88	8599	611
Breast-AdenoCa_sim89	4515	518
Breast-AdenoCa_sim8	6466	397
Breast-AdenoCa_sim90	5055	592
Breast-AdenoCa_sim91	2960	262
Breast-AdenoCa_sim92	3319	176
Breast-AdenoCa_sim93	6594	601
Breast-AdenoCa_sim94	2685	270
Breast-AdenoCa_sim95	18668	350
Breast-AdenoCa_sim96	2505	681
Breast-AdenoCa_sim97	6108	907
Breast-AdenoCa_sim98	2295	173
Breast-AdenoCa_sim99	2176	264
Breast-AdenoCa_sim9	4737	207
Prost-AdenoCA_sim100	2345	225
Prost-AdenoCA_sim10	3152	541
Prost-AdenoCA_sim11	2856	498
Prost-AdenoCA_sim12	506	201
Prost-AdenoCA_sim13	15115	471
Prost-AdenoCA_sim14	2922	223
Prost-AdenoCA_sim15	1798	255
Prost-AdenoCA_sim16	3173	459
Prost-AdenoCA_sim17	3192	425
Prost-AdenoCA_sim18	2549	406
Prost-AdenoCA_sim19	1989	477
Prost-AdenoCA_sim1	10146	1372
Prost-AdenoCA_sim20	8565	503
Prost-AdenoCA_sim21	12979	3786
Prost-AdenoCA_sim22	2453	368
Prost-AdenoCA_sim23	6824	343
Prost-AdenoCA_sim24	33123	7763
Prost-AdenoCA_sim25	3368	374
Prost-AdenoCA_sim26	10652	356
Prost-AdenoCA_sim27	3208	157
Prost-AdenoCA_sim28	5611	387
Prost-AdenoCA_sim29	10311	705
Prost-AdenoCA_sim2	4631	1591
Prost-AdenoCA_sim30	2769	338
Prost-AdenoCA_sim31	6148	646
Prost-AdenoCA_sim32	2121	535
Prost-AdenoCA_sim33	4411	534
Prost-AdenoCA_sim34	2314	183
Prost-AdenoCA_sim35	3009	507
Prost-AdenoCA_sim36	3676	248
Prost-AdenoCA_sim37	1042	233
Prost-AdenoCA_sim38	2788	425
Prost-AdenoCA_sim39	3029	258
Prost-AdenoCA_sim3	4902	347
Prost-AdenoCA_sim40	1515	107
Prost-AdenoCA_sim41	3348	416
Prost-AdenoCA_sim42	939	212
Prost-AdenoCA_sim43	3289	442
Prost-AdenoCA_sim44	3211	253
Prost-AdenoCA_sim45	2151	483
Prost-AdenoCA_sim46	2553	244
Prost-AdenoCA_sim47	3641	261
Prost-AdenoCA_sim48	8222	376
Prost-AdenoCA_sim49	5927	326
Prost-AdenoCA_sim4	54492	8243
Prost-AdenoCA_sim50	3019	249
Prost-AdenoCA_sim51	12225	3291
Prost-AdenoCA_sim52	3198	275
Prost-AdenoCA_sim53	7190	375
Prost-AdenoCA_sim54	3844	355
Prost-AdenoCA_sim55	3174	313
Prost-AdenoCA_sim56	958	295
Prost-AdenoCA_sim57	4188	521
Prost-AdenoCA_sim58	3886	315
Prost-AdenoCA_sim59	5330	446
Prost-AdenoCA_sim5	2367	342
Prost-AdenoCA_sim60	1783	246
Prost-AdenoCA_sim61	11610	652
Prost-AdenoCA_sim62	1305	95
Prost-AdenoCA_sim63	3256	270
Prost-AdenoCA_sim64	2830	404
Prost-AdenoCA_sim65	5255	338
Prost-AdenoCA_sim66	2920	501
Prost-AdenoCA_sim67	2815	304
Prost-AdenoCA_sim68	2483	226
Prost-AdenoCA_sim69	12862	353
Prost-AdenoCA_sim6	28148	3142
Prost-AdenoCA_sim70	2020	184
Prost-AdenoCA_sim71	5102	498
Prost-AdenoCA_sim72	2045	346
Prost-AdenoCA_sim73	3349	413
Prost-AdenoCA_sim74	3506	245
Prost-AdenoCA_sim75	2984	527
Prost-AdenoCA_sim76	6610	613
Prost-AdenoCA_sim77	2099	259
Prost-AdenoCA_sim78	6235	591
Prost-AdenoCA_sim79	3015	380
Prost-AdenoCA_sim7	2236	334
Prost-AdenoCA_sim80	3959	467
Prost-AdenoCA_sim81	4958	190
Prost-AdenoCA_sim82	6166	514
Prost-AdenoCA_sim83	2174	316
Prost-AdenoCA_sim84	4203	406
Prost-AdenoCA_sim85	3165	342
Prost-AdenoCA_sim86	2224	349
Prost-AdenoCA_sim87	3687	420
Prost-AdenoCA_sim88	5804	354
Prost-AdenoCA_sim89	3037	169
Prost-AdenoCA_sim8	4101	292
Prost-AdenoCA_sim90	2753	319
Prost-AdenoCA_sim91	4817	389
Prost-AdenoCA_sim92	3816	395
Prost-AdenoCA_sim93	2035	443
Prost-AdenoCA_sim94	2363	177
Prost-AdenoCA_sim95	7136	388
Prost-AdenoCA_sim96	2414	287
Prost-AdenoCA_sim97	3749	260
Prost-AdenoCA_sim98	5735	454
Prost-AdenoCA_sim99	2787	278
Prost-AdenoCA_sim9	6061	398
